Handle,Title,Current Collection,New Collection,Price,Action
4-in-1-cavitation-body-slimming-machine-40k-ultrasound,4-in-1 Cavitation Body Slimming Machine | 40K Ultrasound,Pain Relief & Recovery OR Therapy & Wellness,Beauty & Anti-Aging,198.38,MOVE to Beauty & Anti-Aging
7-color-led-face-mask-red-light-therapy,7 Color LED Face Mask | Red Light Therapy,Pain Relief & Recovery OR Therapy & Wellness,Beauty & Anti-Aging,79.76,MOVE to Beauty & Anti-Aging
7-color-led-light-therapy-face-mask-anti-aging,7 Color LED Light Therapy Face Mask | Anti-Aging,Pain Relief & Recovery OR Therapy & Wellness,Beauty & Anti-Aging,147.89,MOVE to Beauty & Anti-Aging
electric-medical-cupping-therapy-set-beauty-massager-glass-jars-anti-cellulite-cupping-vacuum-slimming-guasha,Electric Medical Cupping Therapy Set Beauty Massager Glass Jars Anti Cellulite Cupping Vacuum Slimming Guasha,Pain Relief & Recovery OR Therapy & Wellness,Beauty & Anti-Aging,164.16,MOVE to Beauty & Anti-Aging
ems-v-face-lifting-device-6-modes-microcurrent-massager,EMS V-Face Lifting Device | 6 Modes Microcurrent Massager,Pain Relief & Recovery OR Therapy & Wellness,Beauty & Anti-Aging,67.66,MOVE to Beauty & Anti-Aging
face-lifting-device-red-light-skin-rejuvenation-v-face,Face Lifting Device | Red Light Skin Rejuvenation & V-Face,Pain Relief & Recovery OR Therapy & Wellness,Beauty & Anti-Aging,72.10,MOVE to Beauty & Anti-Aging
foreverlily-7-color-led-mask-face-neck-skin-rejuvenation,Foreverlily 7 Color LED Mask | Face & Neck Skin Rejuvenation,Pain Relief & Recovery OR Therapy & Wellness,Beauty & Anti-Aging,88.83,MOVE to Beauty & Anti-Aging
foreverlily-led-face-neck-mask-7-colors-3d-flexible,Foreverlily LED Face & Neck Mask | 7 Colors 3D Flexible,Pain Relief & Recovery OR Therapy & Wellness,Beauty & Anti-Aging,97.78,MOVE to Beauty & Anti-Aging
hello-face-red-light-therapy-mask-face-neck-infrared-led,Hello Face Red Light Therapy Mask | Face & Neck Infrared LED,Pain Relief & Recovery OR Therapy & Wellness,Beauty & Anti-Aging,176.87,MOVE to Beauty & Anti-Aging
led-facial-mask-with-neck-7-colors-photon-anti-aging,LED Facial Mask with Neck | 7 Colors Photon Anti-Aging,Pain Relief & Recovery OR Therapy & Wellness,Beauty & Anti-Aging,82.59,MOVE to Beauty & Anti-Aging
neck-led-lift-mask-anti-wrinkle-skin-tightening,Neck LED Lift Mask | Anti-Wrinkle Skin Tightening,Pain Relief & Recovery OR Therapy & Wellness,Beauty & Anti-Aging,78.83,MOVE to Beauty & Anti-Aging
professional-7-color-led-mask-facial-light-therapy,Professional 7-Color LED Mask | Facial Light Therapy,Pain Relief & Recovery OR Therapy & Wellness,Beauty & Anti-Aging,124.30,MOVE to Beauty & Anti-Aging
v-line-face-slimming-ems-lifting-microcurrent-device,V-Line Face Slimming | EMS Lifting Microcurrent Device,Pain Relief & Recovery OR Therapy & Wellness,Beauty & Anti-Aging,85.30,MOVE to Beauty & Anti-Aging
